1;Shoes
2;Accessoires
3;Lingerie
4;Dress
5;Casual Dress
6;Cocktail Dress
7;Denim Dress
8;Jersey Dress
9;Knitted Dress
10;Maxi Dress
11;Shirt Dress
12;Work Dress
13;Top
14;T-Shirt
15;Long Sleeve Top
16;Polo Shirt
17;Blouse
18;Tunic
19;Jeans
20;Skinny Jeans
21;Flared Jeans
22;Bootcut Jeans
23;Denim Shorts
24;Loose Fit Jeans
25;Slim Fit Jeans
26;Straight Leg Jeans
27;Trousers
28;Leggings
29;Chino
30;Jogger
31;Sweat Pants
32;Playsuit
33;Jumpsuit
34;Shorts
35;Mini Skirt
36;Denim Skirt
37;Pleated Skirt
38;A-Line Skirt
39;Pencil Skirt
40;Leather Skirt
41;Maxi Skirt
42;Jacket
43;Blazer
44;Gilet
45;Waistcoat
46;Leather Jacket
47;Cape
48;Denim Jacket
49;Down Jacket
50;Fleece Jacket
51;Lightweight Jacket
52;Outdoor Jacket
53;Winter Jacket
54;Jumper
55;Cardigan
56;Hoodie
57;Sweatshirt
58;Swimsuit
59;Bikini
60;Bathrobe
61;Lingerie
62;Nightwear
63;Bra
64;Suspenders
65;Shapewear
66;Vest
67;Camisole
68;Tights
69;Socks
70;Down Coat
71;Parka
72;Short Coat
73;Trench Coat
74;Winter Coat
75;Wool Coat
76;Cargo Trousers
77;Suit
78;Tie
79;Suit Jacket
80;Suit Trousers
81;Bow Tie
82;Bag
83;Jewellery
84;Watch
85;Sunglasses
86;Belt
87;Hat
88;Cap
89;Wallet
90;Gloves
91;Scarves
92;Phone Case
93;Rucksack
94;Shoulder Bag
95;Travel Bag
96;Wash Bag
97;Braclet
98;Necklace
99;Ring
100;Clutch Bag
101;Handbag
102;Laptop Bag
103;Tote Bag
104;Earrings
105;Coat
106;Shirt
107;Chemise
108;Clutch
109;High Heels
110;Loafers
111;Long Coat
112;Sack Coat
113;Suit Pants
